title,price
–º–∞–≥–∏—á–µ—Å–∫–æ–µ —Ä–µ–º–µ—Å–ª–æ Magicraft,590 —Ä—É–±
–•–∞—É—Å –§–ª–∏–ø–ø–µ—Ä 2,1820 —Ä—É–±
–•–∞—É—Å –§–ª–∏–ø–ø–µ—Ä,880 —Ä—É–±
–¢—É–Ω–≥—É—Å–∫–∞: –ü–æ—Å–µ—â–µ–Ω–∏–µ - –†–∞—Å—à–∏—Ä–µ–Ω–Ω–æ–µ –∏–∑–¥–∞–Ω–∏–µ,306 —Ä—É–±
–¢–≤–∞—Ä—é–∫,140 —Ä—É–±
–ü—è—Ç—å –°–µ—Ä–¥–µ—Ü –ü–æ–¥ –û–¥–Ω–æ–π –ö—Ä—ã—à–µ–π,710 —Ä—É–±
–ü–ê–ù–ï–õ–¨–ö–ò,31 —Ä—É–±
–ö–õ–ï–¢–¨,365 —Ä—É–±
–í–∞—Å–∏–ª–∏—Å–∞ –∏ –ë–∞–±–∞ –Ø–≥–∞,410 —Ä—É–±
–ë–µ—Å—Å–º–µ—Ä—Ç–Ω—ã–π. –°–∫–∞–∑–∫–∏ –°—Ç–∞—Ä–æ–π –†—É—Å–∏,999 —Ä—É–±
shapez 2,540 —Ä—É–±
shapez,38 —Ä—É–±
Zort,320 —Ä—É–±
ZEPHON,1499 —Ä—É–±
Xenonauts 2,974 —Ä—É–±
X4: Foundations,1600 —Ä—É–±
X-Plane 12,2600 —Ä—É–±
WorldBox - God Simulator,710 —Ä—É–±
World War Z,1399 —Ä—É–±
Workers & Resources: Soviet Republic,749 —Ä—É–±
Windowkill,140 —Ä—É–±
Windblown,1100 —Ä—É–±
We Were Here Together,490 —Ä—É–±
We Were Here Forever,325 —Ä—É–±
We Were Here Expeditions: The FriendShip,165 —Ä—É–±
Wartales,1299 —Ä—É–±
"Warhammer 40,000: Space Marine 2",3199 —Ä—É–±
"Warhammer 40,000: Rogue Trader",1599 —Ä—É–±
"Warhammer 40,000: Inquisitor - Martyr",1600 —Ä—É–±
"Warhammer 40,000: Gladius - Relics of War",1496 —Ä—É–±
"Warhammer 40,000: Darktide",2749 —Ä—É–±
Wallpaper Engine,329 —Ä—É–±
WARNO,2499 —Ä—É–±
Voidtrain,999 —Ä—É–±
Void Crew,1399 —Ä—É–±
Viewfinder,484 —Ä—É–±
Vampire Survivors,200 —Ä—É–±
Valheim,435 —Ä—É–±
VLADiK BRUTAL,460 —Ä—É–±
V Rising,1200 —Ä—É–±
Untitled Goose Game,799 —Ä—É–±
Uncle Chop's Rocket Shop,710 —Ä—É–±
UNDERDOGS,550 —Ä—É–±
Totally Accurate Battle Simulator,799 —Ä—É–±
Torchlight: Infinite,–ë–µ—Å–ø–ª–∞—Ç–Ω–æ
Tiny Glade,550 —Ä—É–±
Tiny Bunny,349 —Ä—É–±
The Stanley Parable: Ultra Deluxe,465 —Ä—É–±
The Spell Brigade,385 —Ä—É–±
The Planet Crafter,940 —Ä—É–±
The Outlast Trials,1300 —Ä—É–±
The Killing Antidote,1100 —Ä—É–±
The Forever Winter,1100 —Ä—É–±
Terminator: Dark Fate - Defiance,1300 —Ä—É–±
Teardown,1399 —Ä—É–±
Tavern Manager Simulator üçª,399 —Ä—É–±
Tainted Grail: Conquest,130 —Ä—É–±
Supraland Six Inches Under,129 —Ä—É–±
Supraland,380 —Ä—É–±
Supermarket Together,–ë–µ—Å–ø–ª–∞—Ç–Ω–æ
Supermarket Simulator,490 —Ä—É–±
Super Bunny Man,447 —Ä—É–±
Sunkenland,710 —Ä—É–±
Summoners' War: Sky Arena,–ë–µ—Å–ø–ª–∞—Ç–Ω–æ
Summoners War: Chronicles,–ë–µ—Å–ø–ª–∞—Ç–Ω–æ
Subnautica: Below Zero,1100 —Ä—É–±
Strinova,–ë–µ—Å–ø–ª–∞—Ç–Ω–æ
Stray,1250 —Ä—É–±
Stranded Deep,449 —Ä—É–±
Stoneshard,899 —Ä—É–±
Still Wakes the Deep,1607 —Ä—É–±
Steel Division 2,2499 —Ä—É–±
Starship Troopers: Terran Command,1100 —Ä—É–±
Squad,1799 —Ä—É–±
Space Engineers,835 —Ä—É–±
Soulmask,1399 —Ä—É–±
Sons Of The Forest,1100 —Ä—É–±
Songs of Conquest,599 —Ä—É–±
Smalland: Survive the Wilds,1200 —Ä—É–±
Slime Rancher 2,1100 —Ä—É–±
Sky: Children of the Light,–ë–µ—Å–ø–ª–∞—Ç–Ω–æ
Sins of a Solar Empire II,1600 —Ä—É–±
Shop Titans,–ë–µ—Å–ø–ª–∞—Ç–Ω–æ
Sengoku Dynasty,899 —Ä—É–±
Sea Power : Naval Combat in the Missile Age,1600 —Ä—É–±
SchoolBoy Runaway,240 —Ä—É–±
Satisfactory,1300 —Ä—É–±
SUPERVIVE,–ë–µ—Å–ø–ª–∞—Ç–Ω–æ
SUPERHOT: MIND CONTROL DELETE,339 —Ä—É–±
SULFUR,990 —Ä—É–±
STALCRAFT: X,–ë–µ—Å–ø–ª–∞—Ç–Ω–æ
SCUM,2335 —Ä—É–±
Russian Fishing 4,–ë–µ—Å–ø–ª–∞—Ç–Ω–æ
Royal Quest Online,–ë–µ—Å–ø–ª–∞—Ç–Ω–æ
Roboquest,1019 —Ä—É–±
RimWorld,1099 —Ä—É–±
Remnant: From the Ashes,1297 —Ä—É–±
Ravenswatch,999 —Ä—É–±
Raft,419 —Ä—É–±
ROUNDS,239 —Ä—É–±
REMNANT II¬Æ,2869 —Ä—É–±
Pumpkin Jack,220 —Ä—É–±
Pummel Party,550 —Ä—É–±
Poppy Playtime,–ë–µ—Å–ø–ª–∞—Ç–Ω–æ
Pizza Tower,419 —Ä—É–±
PixARK,181 —Ä—É–±
Phasmophobia,710 —Ä—É–±
Pathfinder: Wrath of the Righteous - Enhanced Edition,1199 —Ä—É–±
Palworld,1100 —Ä—É–±
Paint the Town Red,710 —Ä—É–±
Pacific Drive,1799 —Ä—É–±
POSTAL 4: No Regerts,520 —Ä—É–±
PANICORE,200 —Ä—É–±
Oxygen Not Included,449 —Ä—É–±
Outer Wilds,1050 —Ä—É–±
Only Up: –í–û–°–•–û–ñ–î–ï–ù–ò–ï –†–£–°–û–í,160 —Ä—É–±
Once Human,–ë–µ—Å–ø–ª–∞—Ç–Ω–æ
Old Market Simulator,385 —Ä—É–±
Nuclear Nightmare,280 —Ä—É–±
Noita,435 —Ä—É–±
Nine Sols,1100 —Ä—É–±
NARAKA: BLADEPOINT,–ë–µ—Å–ø–ª–∞—Ç–Ω–æ
Myth of Empires,1100 —Ä—É–±
My Garage,550 —Ä—É–±
Murky Divers,520 —Ä—É–±
Mouthwashing,490 —Ä—É–±
Mount & Blade II: Bannerlord,2799 —Ä—É–±
Mindustry,259 —Ä—É–±
MiSide,550 —Ä—É–±
Medieval Dynasty,1499 —Ä—É–±
Mechabellum,550 —Ä—É–±
MechWarrior 5: Mercenaries,515 —Ä—É–±
MechWarrior 5: Clans,1600 —Ä—É–±
Manor Lords,1499 —Ä—É–±
Luma Island,545 —Ä—É–±
Love n Life: Lucky Teacher,209 —Ä—É–±
Lost in Play,174 —Ä—É–±
"Little Kitty, Big City",880 —Ä—É–±
Liar's Bar,280 —Ä—É–±
Lethal Company,385 —Ä—É–±
Legion TD 2 - Multiplayer Tower Defense,980 —Ä—É–±
Legacy of Kain‚Ñ¢ Soul Reaver 1&2 Remastered,1100 —Ä—É–±
Last Epoch,1475 —Ä—É–±
LEGO¬Æ Bricktales,128 —Ä—É–±
Knock on the Coffin Lid,999 —Ä—É–±
Kingdom Two Crowns,710 —Ä—É–±
Kenshi,1100 —Ä—É–±
KARDS - –ö–∞—Ä—Ç–æ—á–Ω–∞—è –∏–≥—Ä–∞ –æ –í—Ç–æ—Ä–æ–π –º–∏—Ä–æ–≤–æ–π –≤–æ–π–Ω–µ,–ë–µ—Å–ø–ª–∞—Ç–Ω–æ
Insurgency: Sandstorm,1699 —Ä—É–±
Inside the Backrooms,300 —Ä—É–±
Inscryption,549 —Ä—É–±
Infection Free Zone,1099 —Ä—É–±
INDIKA,1050 —Ä—É–±
ICARUS,1200 —Ä—É–±
Hunt: Showdown 1896,1219 —Ä—É–±
HumanitZ,497 —Ä—É–±
Heavy Rain,782 —Ä—É–±
Half-Life: Alyx,1900 —Ä—É–±
Hades II,1100 —Ä—É–±
Hades,880 —Ä—É–±
Gunfire Reborn,625 —Ä—É–±
Goose Goose Duck,–ë–µ—Å–ø–ª–∞—Ç–Ω–æ
Goat Simulator 3,1100 —Ä—É–±
Ghost Watchers,299 —Ä—É–±
Ghost Exile,320 —Ä—É–±
Gatekeeper,699 —Ä—É–±
Gas Station Simulator,640 —Ä—É–±
Frostpunk 2,1900 —Ä—É–±
Foxhole,1100 —Ä—É–±
For The King II,1399 —Ä—É–±
Five Nights at Freddy's: Security Breach,725 —Ä—É–±
Fears to Fathom - Woodbury Getaway,385 —Ä—É–±
Fears to Fathom - Ironbark Lookout,192 —Ä—É–±
Fast Food Simulator,865 —Ä—É–±
Farthest Frontier,1100 —Ä—É–±
Farming Simulator 25,1950 —Ä—É–±
Farming Simulator 22,1500 —Ä—É–±
Factorio: Space Age,1200 —Ä—É–±
Factorio,1200 —Ä—É–±
FPV Kamikaze Drone,300 —Ä—É–±
Escape the Backrooms,259 —Ä—É–±
Enshrouded,1399 —Ä—É–±
Enlisted,–ë–µ—Å–ø–ª–∞—Ç–Ω–æ
Eden Crafters,710 —Ä—É–±
ELDEN RING Shadow of the Erdtree,2399 —Ä—É–±
ELDEN RING,3599 —Ä—É–±
Dune: Spice Wars,1850 —Ä—É–±
Drug Dealer Simulator 2,880 —Ä—É–±
Doki Doki Literature Club Plus!,732 —Ä—É–±
Disco Elysium - The Final Cut,725 —Ä—É–±
Detroit: Become Human,1300 —Ä—É–±
Derail Valley,1300 —Ä—É–±
Demonologist,600 —Ä—É–±
Deep Rock Galactic: Survivor,490 —Ä—É–±
Deep Rock Galactic,799 —Ä—É–±
Deadside,880 —Ä—É–±
Dead Cells,499 —Ä—É–±
DayZ,2790 —Ä—É–±
Dark and Darker,–ë–µ—Å–ø–ª–∞—Ç–Ω–æ
Dark Hours,385 —Ä—É–±
DUCKSIDE,550 —Ä—É–±
DEVOUR,385 —Ä—É–±
DARK SOULS‚Ñ¢: REMASTERED,2399 —Ä—É–±
Cult of the Lamb,699 —Ä—É–±
Crusader Kings III,2769 —Ä—É–±
Crosshair X,215 —Ä—É–±
Crime Scene Cleaner,760 —Ä—É–±
Core Keeper,710 —Ä—É–±
Control Ultimate Edition,1599 —Ä—É–±
ContractVille,710 —Ä—É–±
Contraband Police,1300 —Ä—É–±
Content Warning,320 —Ä—É–±
Clone Drone in the Danger Zone,435 —Ä—É–±
Chivalry 2,1199 —Ä—É–±
Carry The Glass,200 —Ä—É–±
Car Mechanic Simulator 2021,"872,10 —Ä—É–±"
Call to Arms - Gates of Hell: Ostfront,1200 —Ä—É–±
Brotato,200 —Ä—É–±
Bodycam,1200 —Ä—É–±
Bloons TD 6,309 —Ä—É–±
Blood Strike,–ë–µ—Å–ø–ª–∞—Ç–Ω–æ
Black Myth: Wukong,3599 —Ä—É–±
Black Mesa,710 —Ä—É–±
Beyond: Two Souls,195 —Ä—É–±
Bellwright,1100 —Ä—É–±
BattleBit Remastered,690 —Ä—É–±
Barotrauma,1100 —Ä—É–±
Baldur's Gate 3,1999 —Ä—É–±
Balatro,610 —Ä—É–±
Backrooms: Escape Together,320 —Ä—É–±
Backpack Battles,470 —Ä—É–±
Astrometica,670 —Ä—É–±
Assetto Corsa Competizione,"1439,10 —Ä—É–±"
Arma Reforger,2490 —Ä—É–±
Arctico,77 —Ä—É–±
Arco,629 —Ä—É–±
Among Us,225 —Ä—É–±
Ale & Tale Tavern,450 —Ä—É–±
Albion Online,–ë–µ—Å–ø–ª–∞—Ç–Ω–æ
Age of Wonders 4,2769 —Ä—É–±
Age of History 3,599 —Ä—É–±
Against the Storm,999 —Ä—É–±
Abiotic Factor,980 —Ä—É–±
ASTRONEER,1100 —Ä—É–±
ASKA,880 —Ä—É–±
ARMORED CORE‚Ñ¢ VI FIRES OF RUBICON‚Ñ¢,3599 —Ä—É–±
A Plague Tale: Requiem,1329 —Ä—É–±
A Plague Tale: Innocence,439 —Ä—É–±
A Plague Tale Bundle,1329 —Ä—É–±
7 Days to Die,1500 —Ä—É–±